symbol,intro,metrics,news,sentiment
AAPL,"Company Introduction:Apple Inc is a leading entity in the Technology sector. Incorporated and publicly traded since 1980-12-12, the company has established its reputation as one of the key players in the market. As of today, Apple Inc has a market capitalization of 2705108.71 in USD, with 15441.88 shares outstanding. Apple Inc operates primarily in the US, trading under the ticker AAPL on the NASDAQ NMS - GLOBAL MARKET. As a dominant force in the Technology space, the company continues to innovate and drive progress within the industry.","{'assetTurnoverTTM': 1.1234, 'bookValue': 74100, 'cashRatio': 0.30424040664910096, 'currentRatio': 1.0725, 'ebitPerShare': 2.5919, 'eps': 2.1774, 'ev': 3061651.2, 'fcfMargin': 0.3136, 'fcfPerShareTTM': 6.9125, 'grossMargin': 0.4587, 'inventoryTurnoverTTM': 31.8108, 'longtermDebtTotalAsset': 0.269, 'longtermDebtTotalCapital': 0.5221, 'longtermDebtTotalEquity': 1.2832, 'netDebtToTotalCapital': 0.3694, 'netDebtToTotalEquity': 0.908, 'netMargin': 0.2836, 'operatingMargin': 0.3376, 'payoutRatioTTM': 0.1495, 'pb': 40.4099, 'peTTM': 29.6728, 'pfcfTTM': 28.0191, 'pretaxMargin': 0.3372, 'psTTM': 7.7634, 'quickRatio': 1.0239, 'receivablesTurnoverTTM': 16.4319, 'roaTTM': 0.2939, 'roeTTM': 1.5604, 'roicTTM': 0.5794, 'rotcTTM': 0.6813, 'salesPerShare': 7.6766, 'sgaToSale': 0.5413, 'totalDebtToEquity': 1.458, 'totalDebtToTotalAsset': 0.3056, 'totalDebtToTotalCapital': 0.5932, 'totalRatio': 1.2652, 'period': '2023-12-30'}","[""It’s not all doom and gloom for Apple in 2024 - Apple's 2024 isn't going great, but it has plenty of time to make up for it."", '\'Noise isn\'t going away\' on TikTok bill: US policy expert - The House of Representatives voted 352 to 65 in favor of a bill that would force TikTok\'s parent company ByteDance to divest from the company or sell to a US-based company within 6 months. The likelihood of the bill passing through the Senate and landing on President Biden\'s desk has been called into question considering the timing of the presidential election and the usual slow reaction time from the Senate. Wolfe Research Head of US Policy and Politics Tobin Marcus joins Yahoo Finance to discuss the bill and what are the most likely next steps through Congress and beyond. When asked if it will ever get through the Senate and be signed into law, Marcus claims: ""I think the realistic avenue for getting this done is the next annual defense policy bill, the so-called NDAA for FY [Fiscal Year] \'25, which will get done sometimes after the election... that\'s a bill that happens every year, sort of one of the last bona fide bipartisan things that gets done. TikTok has some level of national security angle to it, it\'s not a defense policy question but it is somewhat germane..."" For more expert insight and the latest market action, click here to watch this full episode of Yahoo Finance Live. Editor\'s note: This article was written by Nicholas Jacobino', ""Warren Buffett's Apple Dilemma: Redditor Says 'If He Sold, The IRS Would Take A Huge Chunk' - Looking for stock market analysis and research with proves results? Zacks.com offers in-depth financial research with over 30years of proven results."", 'Best Stock to Buy Now: Disney versus Netflix - Looking for stock market analysis and research with proves results? Zacks.com offers in-depth financial research with over 30years of proven results.', 'Apple acquires Canadian startup DarwinAI as AI arms race accelerates: report - Looking for stock market analysis and research with proves results? Zacks.com offers in-depth financial research with over 30years of proven results.', '3 Tech Stocks to Sell in March Before They Crash & Burn - Looking for stock market analysis and research with proves results? Zacks.com offers in-depth financial research with over 30years of proven results.']","[(0.33333333333333337, 'Neutral - Good'), (0.131002331002331, 'Neutral - Good'), (0.2, 'Neutral - Good'), (0.35000000000000003, 'Neutral - Good'), (0.13333333333333333, 'Neutral - Good'), (0.13333333333333333, 'Neutral - Good')]"
AMGN,"Company Introduction:Amgen Inc is a leading entity in the Biotechnology sector. Incorporated and publicly traded since 1983-06-17, the company has established its reputation as one of the key players in the market. As of today, Amgen Inc has a market capitalization of 145925.35 in USD, with 535.92 shares outstanding. Amgen Inc operates primarily in the US, trading under the ticker AMGN on the NASDAQ NMS - GLOBAL MARKET. As a dominant force in the Biotechnology space, the company continues to innovate and drive progress within the industry.","{'assetTurnoverTTM': 0.3075, 'bookValue': 6232, 'cashRatio': 0.5950413223140496, 'currentRatio': 1.6492, 'ebitPerShare': 2.1691, 'eps': 1.4257, 'ev': 207810.95, 'fcfMargin': 0.0353, 'fcfPerShareTTM': 13.7449, 'grossMargin': 0.6203, 'inventoryTurnoverTTM': 1.1645, 'longtermDebtTotalAsset': 0.6502, 'longtermDebtTotalCapital': 0.8917, 'longtermDebtTotalEquity': 10.1364, 'netDebtToTotalCapital': 0.7576, 'netDebtToTotalEquity': 8.6118, 'netMargin': 0.0936, 'operatingMargin': 0.1424, 'payoutRatioTTM': 0.6783, 'pb': 24.7339, 'peTTM': 22.948, 'pfcfTTM': 20.946, 'pretaxMargin': 0.104, 'psTTM': 5.468, 'quickRatio': 1.1317, 'receivablesTurnoverTTM': 4.394, 'roaTTM': 0.0733, 'roeTTM': 1.0327, 'roicTTM': 0.098, 'rotcTTM': 0.1163, 'salesPerShare': 15.2342, 'sgaToSale': 0.3797, 'totalDebtToEquity': 10.3679, 'totalDebtToTotalAsset': 0.6651, 'totalDebtToTotalCapital': 0.912, 'totalRatio': 1.0685, 'period': '2023-12-31'}","['June 2025 Options Now Available For Amgen (AMGN) - Looking for stock market analysis and research with proves results? Zacks.com offers in-depth financial research with over 30years of proven results.', 'Q4 2023 CytomX Therapeutics Inc Earnings Call - Q4 2023 CytomX Therapeutics Inc Earnings Call', 'Amgen Inc. stock outperforms competitors despite losses on the day - Looking for stock market analysis and research with proves results? Zacks.com offers in-depth financial research with over 30years of proven results.', ""Looking At Amgen's Recent Unusual Options Activity - Looking for stock market analysis and research with proves results? Zacks.com offers in-depth financial research with over 30years of proven results."", 'Terns to report Phase 1 data on GLP-1 drug in 2H 2024 - Looking for stock market analysis and research with proves results? Zacks.com offers in-depth financial research with over 30years of proven results.', 'Biotech group backs anti-China bill; part ways with WuXi AppTec - Looking for stock market analysis and research with proves results? Zacks.com offers in-depth financial research with over 30years of proven results.']","[(0.19999999999999998, 'Neutral - Good'), (0.0, 'Neutral - indifferent'), (0.13333333333333333, 'Neutral - Good'), (0.12, 'Neutral - Good'), (0.13333333333333333, 'Neutral - Good'), (0.13333333333333333, 'Neutral - Good')]"
AXP,"Company Introduction:American Express Co is a leading entity in the Financial Services sector. Incorporated and publicly traded since 1977-05-18, the company has established its reputation as one of the key players in the market. As of today, American Express Co has a market capitalization of 160199.63 in USD, with 723.87 shares outstanding. American Express Co operates primarily in the US, trading under the ticker AXP on the NEW YORK STOCK EXCHANGE, INC.. As a dominant force in the Financial Services space, the company continues to innovate and drive progress within the industry.","{'assetTurnoverTTM': 0.2635, 'bookValue': 28057, 'cashRatio': 0.31986958884260097, 'currentRatio': 0.7395, 'ebitPerShare': 3.4553, 'eps': 2.6589, 'ev': 268910.19, 'fcfMargin': 0.3691, 'fcfPerShareTTM': 23.5076, 'grossMargin': 0.6334, 'longtermDebtTotalAsset': 0.1833, 'longtermDebtTotalCapital': 0.232, 'longtermDebtTotalEquity': 1.706, 'netDebtToTotalCapital': 0.6415, 'netDebtToTotalEquity': 4.7185, 'netMargin': 0.1125, 'operatingMargin': 0.1462, 'payoutRatioTTM': 0.2126, 'pb': 4.8659, 'peTTM': 16.3032, 'pfcfTTM': 7.6988, 'pretaxMargin': 0.1462, 'psTTM': 2.0881, 'quickRatio': 0.7395, 'receivablesTurnoverTTM': 1.1117, 'roaTTM': 0.0338, 'roeTTM': 0.3099, 'roicTTM': 0.0422, 'rotcTTM': 0.053, 'salesPerShare': 23.6369, 'sgaToSale': 0.3666, 'totalDebtToEquity': 6.355, 'totalDebtToTotalAsset': 0.6829, 'totalDebtToTotalCapital': 0.864, 'totalRatio': 1.1204, 'period': '2023-12-31'}","['Dividend Dynamos: 7 Stocks Paying You to Own Them - Want to get paid for owning a stock without having to sell it? Many dividend stocks offer this possibility. Corporations know that offering a dividend will attract more investors, and it’s a common practice for mature companies. However, you’ll also see growth firms also distribute dividends. It’s possible to get a good combination of capital gains and dividend payments. Some dividend stocks offer this setup, including the dividend dynamos on this list. Garmin (GRMN) Source: one photo / Shutters', 'Warren Buffett Bolsters Holdings in Liberty SiriusXM Group - Looking for stock market analysis and research with proves results? Zacks.com offers in-depth financial research with over 30years of proven results.', 'The Zacks Analyst Blog Highlights American Express, The Travelers Companies, Parker- Hannifin, General Motors and Colgate-Palmolive - American Express, The Travelers Companies, Parker-Hannifin, General Motors and Colgate-Palmolive are part of the Zacks top Analyst Blog.', 'American Express Reveals 2024 Top Travel Trends - NEW YORK, March 12, 2024--American Express Travel® released its 2024 Global Travel Trends Report1 today, highlighting the inspiration and trends driving global travel bookings this year.', ""Intercontinental (ICE) Enhances Offerings With MSCI Index TRFs - Intercontinental (ICE) launches MSCI Index Total Return Futures, which enhances its offerings in products linked to MSCI's global benchmarks."", ""Buffett's Winning Trio: Unveiling The 3 Stocks Driving His Remarkable Returns - Warren Buffett's investment strategies are widely coveted by investors globally, as the Oracle of Omaha's portfolio has delivered a robust 9.85% compounded annual return over the past 30 years. While Buffett has amassed a majority of his wealth through diversified businesses, his stock investments have also generated billions in passive income alone. Buffett has long advocated long-term investment strategies in established blue chip companies and has typically condoned avoiding taking immense ri""]","[(0.3, 'Neutral - Good'), (0.13333333333333333, 'Neutral - Good'), (0.12000000000000002, 'Neutral - Good'), (0.12727272727272726, 'Neutral - Good'), (0.0, 'Neutral - indifferent'), (0.07592592592592591, 'Neutral - Good')]"
BA,"Company Introduction:Boeing Co is a leading entity in the Aerospace & Defense sector. Incorporated and publicly traded since 1934-09-05, the company has established its reputation as one of the key players in the market. As of today, Boeing Co has a market capitalization of 109932.88 in USD, with 610.14 shares outstanding. Boeing Co operates primarily in the US, trading under the ticker BA on the NEW YORK STOCK EXCHANGE, INC.. As a dominant force in the Aerospace & Defense space, the company continues to innovate and drive progress within the industry.","{'assetTurnoverTTM': 0.5737, 'cashRatio': 0.1324365784173563, 'currentRatio': 1.1403, 'ebitPerShare': 0.4653, 'eps': -0.0378, 'ev': 197309.25, 'fcfMargin': 0.134, 'fcfPerShareTTM': 7.273, 'grossMargin': 0.1225, 'inventoryTurnoverTTM': 0.8876, 'longtermDebtTotalAsset': 0.3438, 'longtermDebtTotalCapital': 1.343, 'netDebtToTotalCapital': 1.1295, 'netMargin': -0.001, 'operatingMargin': 0.0129, 'pfcfTTM': 28.5211, 'pretaxMargin': -0.0004, 'psTTM': 2.0271, 'quickRatio': 0.3082, 'receivablesTurnoverTTM': 7.0348, 'roaTTM': -0.0164, 'salesPerShare': 36.2019, 'sgaToSale': 0.8775, 'totalDebtToTotalAsset': 0.3818, 'totalDebtToTotalCapital': 1.4913, 'totalRatio': 0.8883, 'period': '2023-12-31'}","['Stocks in Tight Ranges Before US CPI, Yen Weakens: Markets Wrap - (Bloomberg) -- Stocks in Asia were mixed as traders awaited US inflation data set to influence the timing of the Federal Reserve’s pivot to monetary easing. Most Read from BloombergOne of the Most Infamous Trades on Wall Street Is Roaring BackStock Rally Stalls in Countdown to Inflation Data: Markets WrapChina Has Never Canceled This Many Shipments of US WheatTech CEOs Are Addicted to Taking Needless RisksThe yen fell for the first time in six days after Bank of Japan Governor Kazuo Ueda pointed', '‘Everything Hit the Roof’: A Moment of Horror Unfolds on a Boeing 787 - An investigation into the “technical event” that caused the Latam plane to lurch downward could focus on software, experts say.', 'Boeing to Be Behind On Deliveries Amid Long-term Changes, United CEO Says - Boeing has accepted they need to make larger changes, but they need to go slow, to go fast, and they seem to be doing that, United Airlines\' CEO Scott Kirby says at Bank of America\'s Consumer and Retail Conference.  ""That means this year, deliveries are going to be way behind what they expected originally forecast and expected, and I am glad that that\'s the case,"" Kirby says.  Regarding Boeing\'s MAX 10 jets, Kirby says they are out for the company until they get certified, adding that he believes ""it\'s impossible to say when the MAX 10 is going to get certified.""', ""Stocks to Watch Tuesday: Boeing, Oracle, Southwest Airlines, Vail - [**Oracle (ORCL)**](https://www.wsj.com/market-data/quotes/ORCL): Shares rose over 12% after the business-software company's [earnings trumped analysts' expectations](https://www.wsj.com/livecoverage/stock-market-today-dow-jones-03-11-2024/card/oracle-stock-rises-after-company-reports-strong-cloud-growth-s9R34RAbeZ68BrNpOsA1), driven in part by AI demand."", ""Consumer Cos Climb on Rate, Housing Optimism -- Consumer Roundup - Consumer companies rose amid optimism about interest rates. Consumer Price index rose 0.4% in February from January levels, in line with economists' expectations, a development that kept the..."", 'Boeing sales unfreeze but they’re still well below normal - Boeing reported a minor bounce back in sales in February after orders ground essentially to a halt in January following the Alaska Airlines door plug incident.']","[(0.019047619047619042, 'Neutral - Good'), (0.0, 'Neutral - indifferent'), (-0.08916666666666666, 'Negative'), (0.6, 'Good'), (0.6, 'Good'), (0.019999999999999997, 'Neutral - Good')]"
CAT,"Company Introduction:Caterpillar Inc is a leading entity in the Machinery sector. Incorporated and publicly traded since 1929-12-02, the company has established its reputation as one of the key players in the market. As of today, Caterpillar Inc has a market capitalization of 175446.22 in USD, with 499.38 shares outstanding. Caterpillar Inc operates primarily in the US, trading under the ticker CAT on the NEW YORK STOCK EXCHANGE, INC.. As a dominant force in the Machinery space, the company continues to innovate and drive progress within the industry.","{'assetTurnoverTTM': 0.7813, 'bookValue': 19494, 'cashRatio': 0.20093296475466482, 'currentRatio': 1.3519, 'ebitPerShare': 6.1778, 'eps': 5.275, 'ev': 181421.1, 'fcfMargin': 0.1845, 'fcfPerShareTTM': 19.6104, 'grossMargin': 0.3572, 'inventoryTurnoverTTM': 2.5983, 'longtermDebtTotalAsset': 0.2798, 'longtermDebtTotalCapital': 0.4265, 'longtermDebtTotalEquity': 1.2554, 'netDebtToTotalCapital': 0.5386, 'netDebtToTotalEquity': 1.5851, 'netMargin': 0.1568, 'operatingMargin': 0.1836, 'payoutRatioTTM': 0.248, 'pb': 7.7214, 'peTTM': 14.5642, 'pfcfTTM': 15.3703, 'pretaxMargin': 0.1903, 'psTTM': 2.2446, 'ptbv': 7.9515, 'quickRatio': 0.7429, 'receivablesTurnoverTTM': 7.383, 'roaTTM': 0.1204, 'roeTTM': 0.5413, 'roicTTM': 0.1828, 'rotcTTM': 0.2294, 'salesPerShare': 33.6487, 'sgaToSale': 0.6428, 'tangibleBookValue': 18930, 'totalDebtToEquity': 1.9431, 'totalDebtToTotalAsset': 0.433, 'totalDebtToTotalCapital': 0.6602, 'totalRatio': 1.2868, 'period': '2023-12-31'}","[""Rethinking Risk: Why It's Time To Shift Focus From Dividend Safety To Dividend Growth - "", ""Caterpillar initiated with bullish view at Truist, here's why - Looking for stock market analysis and research with proves results? Zacks.com offers in-depth financial research with over 30years of proven results."", 'The 3 Most Undervalued Dow Stocks to Buy in March 2024 - Looking for stock market analysis and research with proves results? Zacks.com offers in-depth financial research with over 30years of proven results.', 'Caterpillar Inc. stock underperforms Wednesday when compared to competitors despite daily gains - Looking for stock market analysis and research with proves results? Zacks.com offers in-depth financial research with over 30years of proven results.', 'Caterpillar Unusual Options Activity - Looking for stock market analysis and research with proves results? Zacks.com offers in-depth financial research with over 30years of proven results.', ""Top Stock Reports for UnitedHealth, Johnson & Johnson & Oracle - Today's Research Daily features new research reports on 16 major stocks, including UnitedHealth Group Incorporated (UNH), Johnson & Johnson (JNJ) and Oracle Corporation (ORCL).""]","[(0.0, 'Neutral - indifferent'), (0.13333333333333333, 'Neutral - Good'), (0.225, 'Neutral - Good'), (0.1, 'Neutral - Good'), (0.15, 'Neutral - Good'), (0.1747159090909091, 'Neutral - Good')]"
CRM,"Company Introduction:Salesforce Inc is a leading entity in the Technology sector. Incorporated and publicly traded since 2004-06-23, the company has established its reputation as one of the key players in the market. As of today, Salesforce Inc has a market capitalization of 290224.01 in USD, with 968.00 shares outstanding. Salesforce Inc operates primarily in the US, trading under the ticker CRM on the NEW YORK STOCK EXCHANGE, INC.. As a dominant force in the Technology space, the company continues to innovate and drive progress within the industry.","{'assetTurnoverTTM': 0.37, 'bookValue': 59646, 'cashRatio': 0.31812549284668246, 'currentRatio': 1.0917, 'ebitPerShare': 1.1784, 'eps': 1.474, 'ev': 273049.12, 'fcfMargin': 0.3506, 'fcfPerShareTTM': 9.7817, 'grossMargin': 0.7687, 'longtermDebtTotalAsset': 0.0844, 'longtermDebtTotalCapital': 0.122, 'longtermDebtTotalEquity': 0.1413, 'netDebtToTotalCapital': 0.0138, 'netDebtToTotalEquity': 0.016, 'netMargin': 0.1557, 'operatingMargin': 0.1245, 'pb': 4.5618, 'peTTM': 65.787, 'pfcfTTM': 28.6476, 'pretaxMargin': 0.1771, 'psTTM': 7.806, 'ptbv': 5.0047, 'quickRatio': 1.0331, 'receivablesTurnoverTTM': 2.6969, 'roaTTM': 0.0439, 'roeTTM': 0.0709, 'roicTTM': 0.061, 'rotcTTM': 0.0618, 'salesPerShare': 9.4669, 'sgaToSale': 0.2313, 'tangibleBookValue': 54368, 'totalDebtToEquity': 0.158, 'totalDebtToTotalAsset': 0.0944, 'totalDebtToTotalCapital': 0.1365, 'totalRatio': 2.4846, 'period': '2024-01-31'}","['High conviction stocks with U.S. productivity opportunities due to AI - MS - Looking for stock market analysis and research with proves results? Zacks.com offers in-depth financial research with over 30years of proven results.', 'FNGU: Betting Big On Just 10 FANG+ Stocks - FNGU is a concentrated bet on the 10 largest U.S. technology stocks. Find out whether the fund is worthy of allocation within your portfolio.', 'Salesforce com : Pro Suite Launches as an Enhanced All-in-One CRM Solution for Growing Businesses - Pro Suite helps small businesses get the most out of their CRM as they mature, combining marketing, sales, service, and commerce capabilities in one simple, out-of-the-box experience ...', 'A market correction is inevitable for the mega-caps as momentum hits peak - JPM - Looking for stock market analysis and research with proves results? Zacks.com offers in-depth financial research with over 30years of proven results.', 'Cloud Stocks: Analysis Of Salesforce’s AI Acquisitions - Looking for stock market analysis and research with proves results? Zacks.com offers in-depth financial research with over 30years of proven results.', '7 Dow Darlings for Investors to Buy for March Market Madness - Looking for stock market analysis and research with proves results? Zacks.com offers in-depth financial research with over 30years of proven results.']","[(0.087, 'Neutral - Good'), (0.16666666666666666, 'Neutral - Good'), (0.0875, 'Neutral - Good'), (0.1, 'Neutral - Good'), (0.13333333333333333, 'Neutral - Good'), (0.13333333333333333, 'Neutral - Good')]"
CSCO,"Company Introduction:Cisco Systems Inc is a leading entity in the Communications sector. Incorporated and publicly traded since 1990-02-16, the company has established its reputation as one of the key players in the market. As of today, Cisco Systems Inc has a market capitalization of 200394.27 in USD, with 4049.19 shares outstanding. Cisco Systems Inc operates primarily in the US, trading under the ticker CSCO on the NASDAQ NMS - GLOBAL MARKET. As a dominant force in the Communications space, the company continues to innovate and drive progress within the industry.","{'assetTurnoverTTM': 0.5733, 'bookValue': 46251, 'cashRatio': 0.4445560921850183, 'currentRatio': 1.3655, 'ebitPerShare': 0.7601, 'eps': 0.6467, 'ev': 210369.14, 'fcfMargin': 0.0499, 'fcfPerShareTTM': 3.3474, 'grossMargin': 0.6424, 'inventoryTurnoverTTM': 6.4511, 'longtermDebtTotalAsset': 0.0659, 'longtermDebtTotalCapital': 0.1153, 'longtermDebtTotalEquity': 0.1442, 'netDebtToTotalCapital': -0.0365, 'netDebtToTotalEquity': -0.0456, 'netMargin': 0.2059, 'operatingMargin': 0.242, 'payoutRatioTTM': 0.472, 'pb': 4.594, 'peTTM': 15.8071, 'pfcfTTM': 15.673, 'pretaxMargin': 0.2471, 'psTTM': 3.7125, 'ptbv': 4.767, 'quickRatio': 1.2615, 'receivablesTurnoverTTM': 8.5929, 'roaTTM': 0.1346, 'roeTTM': 0.3019, 'roicTTM': 0.2511, 'rotcTTM': 0.2908, 'salesPerShare': 3.1404, 'sgaToSale': 0.3576, 'tangibleBookValue': 44573, 'totalDebtToEquity': 0.2509, 'totalDebtToTotalAsset': 0.1147, 'totalDebtToTotalCapital': 0.2006, 'totalRatio': 1.8421, 'period': '2024-01-27'}","['Stealth Mode Standouts: 3 Under-the-Radar Tech Stocks Set to Soar - Looking for stock market analysis and research with proves results? Zacks.com offers in-depth financial research with over 30years of proven results.', 'Cisco Pullback Is Not Over Further Downside To Come - Looking for stock market analysis and research with proves results? Zacks.com offers in-depth financial research with over 30years of proven results.', ""Experience the Unmatched Versatility of Ethernet in Ethernet Alliance's 2024 OFC Demo - Looking for stock market analysis and research with proves results? Zacks.com offers in-depth financial research with over 30years of proven results."", 'Evercore ISI tech analyst to hold an analyst/industry conference call - Looking for stock market analysis and research with proves results? Zacks.com offers in-depth financial research with over 30years of proven results.', 'AI is fueling a “virtuous investment cycle” for the hyperscalers - BofA - Looking for stock market analysis and research with proves results? Zacks.com offers in-depth financial research with over 30years of proven results.', 'Is Inflation Sticky? NVDL: 2x Long NVDA - Looking for stock market analysis and research with proves results? Zacks.com offers in-depth financial research with over 30years of proven results.']","[(0.225, 'Neutral - Good'), (0.1, 'Neutral - Good'), (0.13333333333333333, 'Neutral - Good'), (0.13333333333333333, 'Neutral - Good'), (0.13333333333333333, 'Neutral - Good'), (0.0875, 'Neutral - Good')]"
CVX,"Company Introduction:Chevron Corp is a leading entity in the Energy sector. Incorporated and publicly traded since 1921-06-24, the company has established its reputation as one of the key players in the market. As of today, Chevron Corp has a market capitalization of 291052.66 in USD, with 1857.27 shares outstanding. Chevron Corp operates primarily in the US, trading under the ticker CVX on the NEW YORK STOCK EXCHANGE, INC.. As a dominant force in the Energy space, the company continues to innovate and drive progress within the industry.","{'assetTurnoverTTM': 0.7623, 'bookValue': 160957, 'cashRatio': 0.25351850703701406, 'currentRatio': 1.275, 'ebitPerShare': 1.4271, 'eps': 1.2101, 'ev': 293384.34, 'fcfMargin': 0.165, 'fcfPerShareTTM': 10.6022, 'grossMargin': 0.418, 'inventoryTurnoverTTM': 14.1403, 'longtermDebtTotalAsset': 0.0754, 'longtermDebtTotalCapital': 0.1085, 'longtermDebtTotalEquity': 0.1226, 'netDebtToTotalCapital': 0.0696, 'netDebtToTotalEquity': 0.0786, 'netMargin': 0.0462, 'operatingMargin': 0.0544, 'payoutRatioTTM': 0.5305, 'pb': 1.7441, 'peTTM': 13.1371, 'pfcfTTM': 14.1924, 'pretaxMargin': 0.0713, 'psTTM': 1.4256, 'quickRatio': 0.881, 'receivablesTurnoverTTM': 9.7537, 'roaTTM': 0.0827, 'roeTTM': 0.1327, 'roicTTM': 0.1171, 'rotcTTM': 0.1377, 'salesPerShare': 26.2125, 'sgaToSale': 0.582, 'totalDebtToEquity': 0.1295, 'totalDebtToTotalAsset': 0.0796, 'totalDebtToTotalCapital': 0.1146, 'totalRatio': 2.5988, 'period': '2023-12-31'}","['7 High-Quality Blue-Chip Stocks to Buy if You’re Looking for Stability - Looking for stock market analysis and research with proves results? Zacks.com offers in-depth financial research with over 30years of proven results.', ""Chevron: Exxon Barges In To Scupper The Hess Deal Closure - Chevron's acquisition of Hess faces significant uncertainties as Exxon looks to exercise its pre-emption rights. See why I continue to rate CVX stock as a buy."", 'Chevron: The Dividend Should Double In 5 Years If Oil Prices Remain At Current Levels - Chevron has a strong focus on profitability and has minimal investments in renewable energy. Read more to see why I am bullish on CVX stock.', 'Warren Buffett Bolsters Holdings in Liberty SiriusXM Group - Looking for stock market analysis and research with proves results? Zacks.com offers in-depth financial research with over 30years of proven results.', '6 Blue Chip Dividend Stocks to Buy in March - Looking for stock market analysis and research with proves results? Zacks.com offers in-depth financial research with over 30years of proven results.', 'Hess Midstream (NYSE:HESM): A Solid Option for Income Investors - Looking for stock market analysis and research with proves results? Zacks.com offers in-depth financial research with over 30years of proven results.']","[(0.13333333333333333, 'Neutral - Good'), (0.375, 'Neutral - Good'), (0.16666666666666666, 'Neutral - Good'), (0.13333333333333333, 'Neutral - Good'), (0.1, 'Neutral - Good'), (0.1, 'Neutral - Good')]"
DIS,"Company Introduction:Walt Disney Co is a leading entity in the Media sector. Incorporated and publicly traded since 1957-11-12, the company has established its reputation as one of the key players in the market. As of today, Walt Disney Co has a market capitalization of 210229.38 in USD, with 1834.31 shares outstanding. Walt Disney Co operates primarily in the US, trading under the ticker DIS on the NEW YORK STOCK EXCHANGE, INC.. As a dominant force in the Media space, the company continues to innovate and drive progress within the industry.","{'assetTurnoverTTM': 0.4381, 'bookValue': 100721, 'cashRatio': 0.23175329487964424, 'currentRatio': 0.8369, 'ebitPerShare': 1.6, 'eps': 1.0414, 'ev': 205757.22, 'fcfMargin': 0.0376, 'fcfPerShareTTM': 4.2201, 'grossMargin': 0.3381, 'inventoryTurnoverTTM': 30.8679, 'longtermDebtTotalAsset': 0.2104, 'longtermDebtTotalCapital': 0.2803, 'longtermDebtTotalEquity': 0.4131, 'netDebtToTotalCapital': 0.2729, 'netDebtToTotalEquity': 0.4021, 'netMargin': 0.0811, 'operatingMargin': 0.1247, 'pb': 1.6408, 'peTTM': 55.3447, 'pfcfTTM': 20.8187, 'pretaxMargin': 0.1219, 'psTTM': 1.8582, 'ptbv': 2.9853, 'quickRatio': 0.7739, 'receivablesTurnoverTTM': 6.3281, 'roaTTM': 0.0147, 'roeTTM': 0.0302, 'roicTTM': 0.0204, 'rotcTTM': 0.0411, 'salesPerShare': 12.8332, 'sgaToSale': 0.6619, 'tangibleBookValue': 55357, 'totalDebtToEquity': 0.4735, 'totalDebtToTotalAsset': 0.2411, 'totalDebtToTotalCapital': 0.3213, 'totalRatio': 2.0378, 'period': '2023-12-30'}","['Blackwells Capital Reveals Failure by the Disney Board to Disclose in this Proxy Fight that ValueAct Has Earned Fees from Managing Disney Pension Funds since 2013 - Urges Shareholders to Disregard ValueAct’s Endorsement of the Board Questions Whether the Board Violated ERISA laws as well as Disney’s Code of Ethics NEW YORK, March 11, 2024 (GLOBE NEWSWIRE) -- Blackwells Capital LLC (together with its affiliates, “Blackwells” or “we”) today issued a letter to fellow shareholders regarding the need for boardroom enhancement at The Walt Disney Company (NYSE: DIS). We invite all shareholders to learn more about our nominees and mission at www.TheFutureOfDisney.c', 'UPDATE 3-Blackwells says Disney failed to disclose ValueAct\'s past money management role - Blackwells Capital said on Monday Walt Disney failed to tell shareholders that ValueAct Capital Management had invested more than $350 million of the U.S. entertainment giant\'s pension fund assets.  ""ValueAct\'s management of Disney\'s pension funds is not disclosed anywhere in any of the referenced communications,"" Blackwells Chief Investment Officer Jason Aintabi wrote in a public letter to Disney shareholders.  Disney had fully withdrawn its investment in ValueAct and the firm no longer managed any money for the company when it built its stake in Disney last year, a person familiar with ValueAct\'s business said.', 'Blackwells says Disney failed to disclose ValueAct\'s past money management role - ""ValueAct\'s management of Disney\'s pension funds is not disclosed anywhere in any of the referenced communications,"" Blackwells Chief Investment Officer Jason Aintabi wrote in a public letter to Disney shareholders.  Disney had fully withdrawn its investment in ValueAct and the firm no longer managed any money for the company when it built its stake in Disney last year, a person familiar with ValueAct\'s business said.', 'Blackwells Questions Disney on ValueAct Pension Fund Role - (Bloomberg) -- Blackwells Capital contends that Walt Disney Co. should have disclosed that ValueAct Capital Management was managing some of its pension fund assets, stirring tensions between the two activist investment firms as they pursue different agendas at the entertainment giant. Most Read from BloombergOne of the Most Infamous Trades on Wall Street Is Roaring BackChina Has Never Canceled This Many Shipments of US WheatStock Traders Bracing for Worst Shrug Off Hot CPI: Markets WrapBoeing Wh', '7 Smart Stocks to Buy for Your Children’s Portfolio - Looking for stock market analysis and research with proves results? Zacks.com offers in-depth financial research with over 30years of proven results.', ""Wall Street Breakfast Podcast: Xiaomi To Launch First EV In China, Shares Surge - Xiaomi revs higher as first EV to launch in two weeks. Disney slams 'destructive' Peltz in new proxy-fight salvo. Tyson Foods to lay off 1,200 employees.""]","[(0.10656565656565654, 'Neutral - Good'), (-0.06388888888888888, 'Negative'), (-0.09583333333333333, 'Negative'), (0.03125, 'Neutral - Good'), (0.15357142857142855, 'Neutral - Good'), (0.057272727272727274, 'Neutral - Good')]"
GS,"Company Introduction:Goldman Sachs Group Inc is a leading entity in the Financial Services sector. Incorporated and publicly traded since 1999-05-04, the company has established its reputation as one of the key players in the market. As of today, Goldman Sachs Group Inc has a market capitalization of 126373.69 in USD, with 325.56 shares outstanding. Goldman Sachs Group Inc operates primarily in the US, trading under the ticker GS on the NEW YORK STOCK EXCHANGE, INC.. As a dominant force in the Financial Services space, the company continues to innovate and drive progress within the industry.","{'assetTurnoverTTM': 0.0685, 'bookValue': 116905, 'cashRatio': 0.2266951438891115, 'currentRatio': 0.3568, 'ebitPerShare': 6.61, 'eps': 5.8886, 'ev': 954030.4, 'fcfPerShareTTM': -46.0856, 'grossMargin': 0.3465, 'longtermDebtTotalAsset': 0.151, 'longtermDebtTotalCapital': 0.2089, 'longtermDebtTotalEquity': 2.1202, 'netDebtToTotalCapital': 0.6979, 'netDebtToTotalEquity': 7.0846, 'netMargin': 0.0705, 'operatingMargin': 0.0792, 'payoutRatioTTM': 0.4919, 'pb': 1.0761, 'peTTM': 14.7727, 'pretaxMargin': 0.0792, 'psTTM': 1.1604, 'ptbv': 1.0871, 'quickRatio': 0.3568, 'receivablesTurnoverTTM': 0.8093, 'roaTTM': 0.0054, 'roeTTM': 0.0728, 'roicTTM': 0.0076, 'rotcTTM': 0.0096, 'salesPerShare': 83.4692, 'sgaToSale': 0.6535, 'tangibleBookValue': 115728, 'totalDebtToEquity': 9.151, 'totalDebtToTotalAsset': 0.6517, 'totalDebtToTotalCapital': 0.9015, 'totalRatio': 1.0767, 'period': '2023-12-31'}","['Reddit Launches Long-Awaited IPO With $748 Million Target - (Bloomberg) -- Reddit Inc. and its investors disclosed further details of what is set to be one of the year’s biggest initial public offerings in which they are seeking to raise as much as $748 million.Most Read from BloombergOne of the Most Infamous Trades on Wall Street Is Roaring BackThese Are the Best Countries for Wealthy Expats‘Oppenheimer’ Wins Seven Oscars Including Best Picture, DirectorBond Investors Are Lining Up to Fund the War Against PutinThe social media platform said in a filing', 'China Govt Bond Supply Shock May Offer Better Entry to Go Long, GS Says - A China government bond supply shock from Beijing’s planned CNY1 trillion issuance of ultralong central government special bonds this year could offer better entry levels to go long on CGBs, Goldman Sachs said.', 'UPDATE: York consortium sells call options over 10 million LSEG shares - Looking for stock market analysis and research with proves results? Zacks.com offers in-depth financial research with over 30years of proven results.', ""HEDGE FLOW-Hedge funds ramp up leverage to near record highs to juice returns - Hedge funds' use ofleverage in equities trading is near record levels afterdebt-fueled strategies ballooned in recent years and an upturnin financial markets prompted riskier bets, according to..."", 'Portuguese-German Bond Yield Spread Is Resilient Post-Elections - The 10-year Portuguese-German government bond yield spread has remained resilient despite Sunday’s election delivering a hung parliament and far-right Chega quadrupling their seat count, Citi Research said.', 'Goldman Sachs has big growth goal for private credit portfolio - report - Looking for stock market analysis and research with proves results? Zacks.com offers in-depth financial research with over 30years of proven results.']","[(0.27575757575757576, 'Neutral - Good'), (0.20952380952380953, 'Neutral - Good'), (0.13333333333333333, 'Neutral - Good'), (0.05, 'Neutral - Good'), (0.0, 'Neutral - indifferent'), (0.08, 'Neutral - Good')]"
HD,"Company Introduction:Home Depot Inc is a leading entity in the Retail sector. Incorporated and publicly traded since 1984-04-19, the company has established its reputation as one of the key players in the market. As of today, Home Depot Inc has a market capitalization of 373528.70 in USD, with 991.02 shares outstanding. Home Depot Inc operates primarily in the US, trading under the ticker HD on the NEW YORK STOCK EXCHANGE, INC.. As a dominant force in the Retail space, the company continues to innovate and drive progress within the industry.","{'assetTurnoverTTM': 2.003, 'bookValue': 1044, 'cashRatio': 0.1707926413808767, 'currentRatio': 1.3525, 'ebitPerShare': 4.168, 'eps': 2.8179, 'ev': 394365.62, 'fcfMargin': 0.1114, 'fcfPerShareTTM': 18.0314, 'grossMargin': 0.3308, 'inventoryTurnoverTTM': 4.4354, 'longtermDebtTotalAsset': 0.5585, 'longtermDebtTotalCapital': 0.9466, 'longtermDebtTotalEquity': 40.9416, 'netDebtToTotalCapital': 0.8936, 'netDebtToTotalEquity': 38.6504, 'netMargin': 0.0805, 'operatingMargin': 0.1191, 'payoutRatioTTM': 0.5536, 'pb': 339.0945, 'peTTM': 23.3781, 'pfcfTTM': 19.7267, 'pretaxMargin': 0.1059, 'psTTM': 2.3188, 'quickRatio': 0.3997, 'receivablesTurnoverTTM': 45.95, 'roaTTM': 0.1987, 'roeTTM': 14.5222, 'roicTTM': 0.347, 'rotcTTM': 0.497, 'salesPerShare': 34.996, 'sgaToSale': 0.6692, 'totalDebtToEquity': 42.2519, 'totalDebtToTotalAsset': 0.5764, 'totalDebtToTotalCapital': 0.9769, 'totalRatio': 1.0138, 'period': '2024-01-28'}","['High conviction stocks with U.S. productivity opportunities due to AI - MS - Looking for stock market analysis and research with proves results? Zacks.com offers in-depth financial research with over 30years of proven results.', 'Unpacking the Latest Options Trading Trends in Home Depot - Looking for stock market analysis and research with proves results? Zacks.com offers in-depth financial research with over 30years of proven results.', 'Home Depot snaps six straight sessions of losses - Looking for stock market analysis and research with proves results? Zacks.com offers in-depth financial research with over 30years of proven results.', 'Home Depot announces partnership with NCAA - Looking for stock market analysis and research with proves results? Zacks.com offers in-depth financial research with over 30years of proven results.', 'The Home Depot: NCAA college sports partner - The Home Depot expands its presence in college sports by becoming an official corporate partner of the National Collegiate Athletics Association .Through this partnership, The Home Depot will own the...', ""THE HOME DEPOT ANNOUNCES PARTNERSHIP WITH NCAA ®, COMBINING THE FANDOM OF MARCH MADNESS ® WITH THE SATISFACTION OF DIY - The Home Depot is expanding its collegiate sports footprint by becoming an official corporate partner of the National Collegiate Athletics Association (NCAA), just in time for March Madness. Through the partnership, The Home Depot will have rights across all 90 NCAA championships, including the women's and men's Division I basketball tournaments, creating a game-winning combination during spring, the retailer's busiest selling season.""]","[(0.087, 'Neutral - Good'), (0.225, 'Neutral - Good'), (0.15, 'Neutral - Good'), (0.13333333333333333, 'Neutral - Good'), (0.35000000000000003, 'Neutral - Good'), (0.225, 'Neutral - Good')]"
HON,"Company Introduction:Honeywell International Inc is a leading entity in the Industrial Conglomerates sector. Incorporated and publicly traded since 1985-09-19, the company has established its reputation as one of the key players in the market. As of today, Honeywell International Inc has a market capitalization of 128897.21 in USD, with 652.18 shares outstanding. Honeywell International Inc operates primarily in the US, trading under the ticker HON on the NASDAQ NMS - GLOBAL MARKET. As a dominant force in the Industrial Conglomerates space, the company continues to innovate and drive progress within the industry.","{'assetTurnoverTTM': 0.5985, 'bookValue': 15856, 'cashRatio': 0.4274772102055127, 'currentRatio': 1.2677, 'ebitPerShare': 2.2763, 'eps': 1.909, 'ev': 150769.45, 'fcfMargin': 0.2745, 'fcfPerShareTTM': 6.5986, 'grossMargin': 0.3431, 'inventoryTurnoverTTM': 3.9254, 'longtermDebtTotalAsset': 0.2676, 'longtermDebtTotalCapital': 0.4535, 'longtermDebtTotalEquity': 1.0383, 'netDebtToTotalCapital': 0.3449, 'netDebtToTotalEquity': 0.7895, 'netMargin': 0.1338, 'operatingMargin': 0.1595, 'payoutRatioTTM': 0.5046, 'pb': 8.7192, 'peTTM': 24.4347, 'pfcfTTM': 26.1939, 'pretaxMargin': 0.1595, 'psTTM': 3.771, 'ptbv': 10.9506, 'quickRatio': 0.9345, 'receivablesTurnoverTTM': 4.8981, 'roaTTM': 0.0924, 'roeTTM': 0.3363, 'roicTTM': 0.1523, 'rotcTTM': 0.1927, 'salesPerShare': 14.2684, 'sgaToSale': 0.6569, 'tangibleBookValue': 12625, 'totalDebtToEquity': 1.2893, 'totalDebtToTotalAsset': 0.3323, 'totalDebtToTotalCapital': 0.5632, 'totalRatio': 1.3472, 'period': '2023-12-31'}","['Honeywell International : J.P. Morgan Industrials Conference Presentation - J.P. MORGAN INDUSTRIALS CONFERENCE MARCH 12, 2024 GREG LEWIS SENIOR VICE PRESIDENT AND CHIEF...', 'Biden seeks $895 billion for defense spending amid global conflicts - Looking for stock market analysis and research with proves results? Zacks.com offers in-depth financial research with over 30years of proven results.', 'June 2025 Options Now Available For Honeywell International (HON) - Looking for stock market analysis and research with proves results? Zacks.com offers in-depth financial research with over 30years of proven results.', 'Honeywell International Inc. (HON) J.P. Morgan 2024 Industrials Conference (Transcript) - Honeywell International Inc. (NASDAQ:NASDAQ:HON) J.P.', 'Honeywell International Inc. stock underperforms Wednesday when compared to competitors despite daily gains - Looking for stock market analysis and research with proves results? Zacks.com offers in-depth financial research with over 30years of proven results.', 'Wall Street Favorites: 3 Quantum Computing Stocks with Strong Buy Ratings for March 2024 - Looking for stock market analysis and research with proves results? Zacks.com offers in-depth financial research with over 30years of proven results.']","[(0.0, 'Neutral - indifferent'), (0.1, 'Neutral - Good'), (0.15999999999999998, 'Neutral - Good'), (0.0, 'Neutral - indifferent'), (0.08, 'Neutral - Good'), (0.2666666666666667, 'Neutral - Good')]"
IBM,"Company Introduction:International Business Machines Corp is a leading entity in the Technology sector. Incorporated and publicly traded since 1915-11-11, the company has established its reputation as one of the key players in the market. As of today, International Business Machines Corp has a market capitalization of 176821.75 in USD, with 916.74 shares outstanding. International Business Machines Corp operates primarily in the US, trading under the ticker IBM on the NEW YORK STOCK EXCHANGE, INC.. As a dominant force in the Technology space, the company continues to innovate and drive progress within the industry.","{'assetTurnoverTTM': 0.4665, 'bookValue': 22533, 'cashRatio': 0.3829787234042553, 'currentRatio': 0.9644, 'ebitPerShare': 4.0533, 'eps': 3.5454, 'ev': 192819.55, 'fcfMargin': 0.2311, 'fcfPerShareTTM': 13.2468, 'grossMargin': 0.5907, 'inventoryTurnoverTTM': 20.317, 'longtermDebtTotalAsset': 0.3706, 'longtermDebtTotalCapital': 0.6338, 'longtermDebtTotalEquity': 2.2243, 'netDebtToTotalCapital': 0.5498, 'netDebtToTotalEquity': 1.9296, 'netMargin': 0.1892, 'operatingMargin': 0.2163, 'payoutRatioTTM': 0.8051, 'pb': 6.6276, 'peTTM': 19.9068, 'pfcfTTM': 12.3208, 'pretaxMargin': 0.2163, 'psTTM': 2.4142, 'ptbv': 12.9895, 'quickRatio': 0.8654, 'receivablesTurnoverTTM': 8.4734, 'roaTTM': 0.0566, 'roeTTM': 0.3356, 'roicTTM': 0.0945, 'rotcTTM': 0.1095, 'salesPerShare': 18.7417, 'sgaToSale': 0.4093, 'tangibleBookValue': 11497, 'totalDebtToEquity': 2.5095, 'totalDebtToTotalAsset': 0.4181, 'totalDebtToTotalCapital': 0.7151, 'totalRatio': 1.1999, 'period': '2023-12-31'}","['High conviction stocks with exposure to AI in European data centers - MS - Looking for stock market analysis and research with proves results? Zacks.com offers in-depth financial research with over 30years of proven results.', ""Elon Musk says will 'open source' Grok chatbot amid OpenAI feud - Looking for stock market analysis and research with proves results? Zacks.com offers in-depth financial research with over 30years of proven results."", 'IBM to make job cuts in marketing and communications division, CNBC reports - Looking for stock market analysis and research with proves results? Zacks.com offers in-depth financial research with over 30years of proven results.', ""3M, IBM share gains lead Dow's 238-point jump - Looking for stock market analysis and research with proves results? Zacks.com offers in-depth financial research with over 30years of proven results."", 'IBM reduces staff in marketing and communications division: report - Looking for stock market analysis and research with proves results? Zacks.com offers in-depth financial research with over 30years of proven results.', 'Analysts Offer Insights on Technology Companies: International Business Machines (IBM), Synopsys (SNPS) and Asana (ASAN) - Looking for stock market analysis and research with proves results? Zacks.com offers in-depth financial research with over 30years of proven results.']","[(0.11199999999999999, 'Neutral - Good'), (0.1, 'Neutral - Good'), (0.13333333333333333, 'Neutral - Good'), (0.13333333333333333, 'Neutral - Good'), (0.13333333333333333, 'Neutral - Good'), (0.1, 'Neutral - Good')]"
INTC,"Company Introduction:Intel Corp is a leading entity in the Semiconductors sector. Incorporated and publicly traded since 1971-10-13, the company has established its reputation as one of the key players in the market. As of today, Intel Corp has a market capitalization of 176312.67 in USD, with 4228.00 shares outstanding. Intel Corp operates primarily in the US, trading under the ticker INTC on the NASDAQ NMS - GLOBAL MARKET. As a dominant force in the Semiconductors space, the company continues to innovate and drive progress within the industry.","{'assetTurnoverTTM': 0.2887, 'bookValue': 105590, 'cashRatio': 0.2523437778490714, 'currentRatio': 1.5424, 'ebitPerShare': 0.6, 'eps': 0.6195, 'ev': 254041, 'fcfPerShareTTM': -3.3772, 'grossMargin': 0.4574, 'inventoryTurnoverTTM': 2.6707, 'longtermDebtTotalAsset': 0.2452, 'longtermDebtTotalCapital': 0.3034, 'longtermDebtTotalEquity': 0.4449, 'netDebtToTotalCapital': 0.2724, 'netDebtToTotalEquity': 0.3995, 'netMargin': 0.1732, 'operatingMargin': 0.1678, 'payoutRatioTTM': 0.3544, 'pb': 2.0064, 'peTTM': 125.4316, 'pretaxMargin': 0.181, 'psTTM': 3.9067, 'ptbv': 2.0975, 'quickRatio': 1.1458, 'receivablesTurnoverTTM': 14.3936, 'roaTTM': 0.009, 'roeTTM': 0.0166, 'roicTTM': 0.0112, 'rotcTTM': 0.0006, 'salesPerShare': 3.5761, 'sgaToSale': 0.5426, 'tangibleBookValue': 101001, 'totalDebtToEquity': 0.4666, 'totalDebtToTotalAsset': 0.2572, 'totalDebtToTotalCapital': 0.3181, 'totalRatio': 2.228, 'period': '2023-12-30'}","['Artificial Intelligence: A New Battlefield For US-China Supremacy - Looking for stock market analysis and research with proves results? Zacks.com offers in-depth financial research with over 30years of proven results.', 'Intel and AMD Clash Over Huawei Chip Sales, Highlighting US Sanctions and Market Dynamics - Looking for stock market analysis and research with proves results? Zacks.com offers in-depth financial research with over 30years of proven results.', 'Pentagon drops plan to spend $2.5B on Intel defense grant, Bloomberg says - Looking for stock market analysis and research with proves results? Zacks.com offers in-depth financial research with over 30years of proven results.', 'Pentagon said to end plan for $2.5B Intel grant: report - Looking for stock market analysis and research with proves results? Zacks.com offers in-depth financial research with over 30years of proven results.', 'Pentagon Scraps $2.5B Grant to Intel (NASDAQ:INTC) - Looking for stock market analysis and research with proves results? Zacks.com offers in-depth financial research with over 30years of proven results.', '3 Dividend Stocks That the Best Money Managers on Wall Street Love - Looking for stock market analysis and research with proves results? Zacks.com offers in-depth financial research with over 30years of proven results.']","[(-0.012727272727272726, 'Negative'), (0.13333333333333333, 'Neutral - Good'), (0.13333333333333333, 'Neutral - Good'), (0.13333333333333333, 'Neutral - Good'), (0.13333333333333333, 'Neutral - Good'), (0.38, 'Neutral - Good')]"
JNJ,"Company Introduction:Johnson & Johnson is a leading entity in the Pharmaceuticals sector. Incorporated and publicly traded since 1944-09-25, the company has established its reputation as one of the key players in the market. As of today, Johnson & Johnson has a market capitalization of 376839.59 in USD, with 2408.77 shares outstanding. Johnson & Johnson operates primarily in the US, trading under the ticker JNJ on the NEW YORK STOCK EXCHANGE, INC.. As a dominant force in the Pharmaceuticals space, the company continues to innovate and drive progress within the industry.","{'assetTurnoverTTM': 0.4723, 'bookValue': 68774, 'cashRatio': 0.17618080463247052, 'currentRatio': 1.1558, 'ebitPerShare': 1.9849, 'eps': 1.6653, 'ev': 398494.84, 'fcfMargin': 0.2932, 'fcfPerShareTTM': 7.581, 'grossMargin': 0.6861, 'longtermDebtTotalAsset': 0.1545, 'longtermDebtTotalCapital': 0.2638, 'longtermDebtTotalEquity': 0.3763, 'netDebtToTotalCapital': 0.2159, 'netDebtToTotalEquity': 0.3079, 'netMargin': 0.1892, 'operatingMargin': 0.2256, 'payoutRatioTTM': 0.2506, 'pb': 5.4863, 'peTTM': 10.7336, 'pfcfTTM': 20.6772, 'pretaxMargin': 0.2256, 'psTTM': 4.4307, 'ptbv': 10.9054, 'quickRatio': 0.8167, 'roaTTM': 0.1949, 'roeTTM': 0.4916, 'roicTTM': 0.3168, 'rotcTTM': 0.1358, 'salesPerShare': 8.7995, 'sgaToSale': 0.3139, 'tangibleBookValue': 34599, 'totalDebtToEquity': 0.4265, 'totalDebtToTotalAsset': 0.1751, 'totalDebtToTotalCapital': 0.299, 'totalRatio': 1.6962, 'period': '2023-12-31'}","['Golden Cross Alert: Johnson & Johnson Shines With Ambrx Deal, Bullish Technical Signal - Looking for stock market analysis and research with proves results? Zacks.com offers in-depth financial research with over 30years of proven results.', '7 High-Quality Blue-Chip Stocks to Buy if You’re Looking for Stability - Looking for stock market analysis and research with proves results? Zacks.com offers in-depth financial research with over 30years of proven results.', ""Fiduciaries Beware: Employer Health Plan Under Fire For Alleged Prescription Drug Mismanagement - An employer health plan is the latest target of class action litigation seeking redress for the alleged conduct of the plan's pharmacy benefit manager . On February 5, 2024, a Johnson & Johnson..."", '3 Must-Have Dividend Kings for a Steady Income Stream - Looking for stock market analysis and research with proves results? Zacks.com offers in-depth financial research with over 30years of proven results.', 'J&J: FDA approval sought for Tremfya in ulcerative colitis - Johnson & Johnson announces that it has applied to the Food and Drug Administration for approval of Tremfya for the treatment of adults with moderately to severely active ulcerative colitis . The...', ""J&J (JNJ) Seeks Expanded Use of Tremfya for Ulcerative Colitis - Tremfya is an important drug in J&J's (JNJ) immunology drugs portfolio and a key driver of top-line growth.""]","[(0.11666666666666665, 'Neutral - Good'), (0.13333333333333333, 'Neutral - Good'), (0.1, 'Neutral - Good'), (0.14166666666666666, 'Neutral - Good'), (-0.06666666666666667, 'Negative'), (0.2, 'Neutral - Good')]"
JPM,"Company Introduction:JPMorgan Chase & Co is a leading entity in the Banking sector. Incorporated and publicly traded since 1969-03-05, the company has established its reputation as one of the key players in the market. As of today, JPMorgan Chase & Co has a market capitalization of 557956.79 in USD, with 2880.62 shares outstanding. JPMorgan Chase & Co operates primarily in the US, trading under the ticker JPM on the NEW YORK STOCK EXCHANGE, INC.. As a dominant force in the Banking space, the company continues to innovate and drive progress within the industry.","{'bookValue': 327878, 'ev': 1103586.53, 'fcfPerShareTTM': 4.5101, 'longtermDebtTotalAsset': 0.0905, 'longtermDebtTotalCapital': 0.3731, 'longtermDebtTotalEquity': 1.0692, 'payoutRatioTTM': 0.2717, 'pb': 1.4998, 'peTTM': 9.9241, 'pfcfTTM': 3.9589, 'ptbv': 1.5556, 'roaTTM': 0.0129, 'roeTTM': 0.1572, 'roicTTM': 0.0533, 'tangibleBookValue': 316131, 'totalDebtToEquity': 1.866, 'totalDebtToTotalAsset': 0.1579, 'totalDebtToTotalCapital': 0.6511, 'totalRatio': 1.0924, 'period': '2023-12-31'}","['Reddit Launches Long-Awaited IPO With $748 Million Target - (Bloomberg) -- Reddit Inc. and its investors disclosed further details of what is set to be one of the year’s biggest initial public offerings in which they are seeking to raise as much as $748 million.Most Read from BloombergOne of the Most Infamous Trades on Wall Street Is Roaring BackThese Are the Best Countries for Wealthy Expats‘Oppenheimer’ Wins Seven Oscars Including Best Picture, DirectorBond Investors Are Lining Up to Fund the War Against PutinThe social media platform said in a filing', 'High conviction stocks with U.S. productivity opportunities due to AI - MS - Looking for stock market analysis and research with proves results? Zacks.com offers in-depth financial research with over 30years of proven results.', 'JPMorgan CEO Jamie Dimon Vows To Defend Your Right To Buy Bitcoin — But Hints At Unseen Macro Threat - Looking for stock market analysis and research with proves results? Zacks.com offers in-depth financial research with over 30years of proven results.', 'UPDATE: York consortium sells call options over 10 million LSEG shares - Looking for stock market analysis and research with proves results? Zacks.com offers in-depth financial research with over 30years of proven results.', ""After Saying AI Is 'Not Hype,' JPMorgan's Jamie Dimon Reveals How He Personally And Professionally Uses The Technology - Looking for stock market analysis and research with proves results? Zacks.com offers in-depth financial research with over 30years of proven results."", 'Profiting In Bull Or Bear Markets; Selecting Stocks Using Relative Strength - Looking for stock market analysis and research with proves results? Zacks.com offers in-depth financial research with over 30years of proven results.']","[(0.27575757575757576, 'Neutral - Good'), (0.087, 'Neutral - Good'), (0.1714285714285714, 'Neutral - Good'), (0.13333333333333333, 'Neutral - Good'), (0.1, 'Neutral - Good'), (0.1, 'Neutral - Good')]"
KO,"Company Introduction:Coca-Cola Co is a leading entity in the Beverages sector. Incorporated and publicly traded since 1950-01-26, the company has established its reputation as one of the key players in the market. As of today, Coca-Cola Co has a market capitalization of 259847.04 in USD, with 4312.46 shares outstanding. Coca-Cola Co operates primarily in the US, trading under the ticker KO on the NEW YORK STOCK EXCHANGE, INC.. As a dominant force in the Beverages space, the company continues to innovate and drive progress within the industry.","{'assetTurnoverTTM': 0.4679, 'bookValue': 25941, 'cashRatio': 0.39735267913962075, 'currentRatio': 1.1341, 'ebitPerShare': 0.5085, 'eps': 0.4557, 'ev': 287476.8, 'fcfMargin': 0.1677, 'fcfPerShareTTM': 2.2625, 'grossMargin': 0.5729, 'inventoryTurnoverTTM': 4.2786, 'longtermDebtTotalAsset': 0.3638, 'longtermDebtTotalCapital': 0.5227, 'longtermDebtTotalEquity': 1.3703, 'netDebtToTotalCapital': 0.4808, 'netDebtToTotalEquity': 1.2605, 'netMargin': 0.1819, 'operatingMargin': 0.203, 'payoutRatioTTM': 0.7422, 'pb': 9.8215, 'peTTM': 23.78, 'pfcfTTM': 25.8318, 'pretaxMargin': 0.2288, 'psTTM': 5.5684, 'ptbv': 23.0028, 'quickRatio': 0.7243, 'receivablesTurnoverTTM': 13.2678, 'roaTTM': 0.1096, 'roeTTM': 0.4141, 'roicTTM': 0.1589, 'rotcTTM': 0.1732, 'salesPerShare': 2.5055, 'sgaToSale': 0.4271, 'tangibleBookValue': 11076, 'totalDebtToEquity': 1.6215, 'totalDebtToTotalAsset': 0.4305, 'totalDebtToTotalCapital': 0.6185, 'totalRatio': 1.3615, 'period': '2023-12-31'}","[""Meet the Unknown Small-Cap Company That's Been Paying a Dividend for at Least 66 Years Longer Than Coca-Cola, ExxonMobil, and Eli Lilly - A relatively tiny company ($508 million market cap) that most investors have never heard of has been doling out a consecutive dividend for over two centuries -- including 104 years longer than Coca-Cola!"", 'Multibillion-dollar Bud Light maker and Coca-Cola bottler publicly shamed for waiting months to pay U.K. suppliers - Report says hundreds of thousands of small business are at risk of insolvency because of slow paying practices by big firms.', 'Warren Buffett Bolsters Holdings in Liberty SiriusXM Group - Looking for stock market analysis and research with proves results? Zacks.com offers in-depth financial research with over 30years of proven results.', '3 Dividend Stocks to Double Up on Right Now - These Dividend Kings can provide investors with stable income for the long run.', ""Buffett's Winning Trio: Unveiling The 3 Stocks Driving His Remarkable Returns - Warren Buffett's investment strategies are widely coveted by investors globally, as the Oracle of Omaha's portfolio has delivered a robust 9.85% compounded annual return over the past 30 years. While Buffett has amassed a majority of his wealth through diversified businesses, his stock investments have also generated billions in passive income alone. Buffett has long advocated long-term investment strategies in established blue chip companies and has typically condoned avoiding taking immense ri"", 'Refund Riches: 3 Stocks to Buy With Your Tax Windfall - The US tax refund season brings positive news as the average IRS tax refund, currently at $3,182, reflects a 5.1% increase from last year. Despite a slight dip of 1.7% in the number of tax returns filed the U.S. Internal Revenue Service (IRS) reports a smooth and efficient start to tax filing season. With no major issues reported, the IRS assures that all systems are running well. While the number of tax refunds issued is down by 13.7% from the previous year, the total amount refunded remains su']","[(0.056249999999999994, 'Neutral - Good'), (-0.030000000000000006, 'Negative'), (0.13333333333333333, 'Neutral - Good'), (0.07857142857142857, 'Neutral - Good'), (0.07592592592592591, 'Neutral - Good'), (0.03809448653198654, 'Neutral - Good')]"
MCD,"Company Introduction:McDonald's Corp is a leading entity in the Hotels, Restaurants & Leisure sector. Incorporated and publicly traded since 1965-04-21, the company has established its reputation as one of the key players in the market. As of today, McDonald's Corp has a market capitalization of 204383.89 in USD, with 722.05 shares outstanding. McDonald's Corp operates primarily in the US, trading under the ticker MCD on the NEW YORK STOCK EXCHANGE, INC.. As a dominant force in the Hotels, Restaurants & Leisure space, the company continues to innovate and drive progress within the industry.","{'assetTurnoverTTM': 0.484, 'cashRatio': 0.6676337658550809, 'currentRatio': 1.1644, 'ebitPerShare': 3.8498, 'eps': 2.8016, 'ev': 251412.66, 'fcfMargin': 0.2703, 'fcfPerShareTTM': 10.0381, 'grossMargin': 0.5704, 'inventoryTurnoverTTM': 208.6107, 'longtermDebtTotalAsset': 0.6617, 'longtermDebtTotalCapital': 1.0259, 'netDebtToTotalCapital': 1.0035, 'netMargin': 0.3183, 'operatingMargin': 0.4374, 'payoutRatioTTM': 0.5352, 'peTTM': 25.3957, 'pfcfTTM': 29.6466, 'pretaxMargin': 0.3926, 'psTTM': 8.4362, 'quickRatio': 1.0304, 'receivablesTurnoverTTM': 11.077, 'roaTTM': 0.1608, 'salesPerShare': 8.8021, 'sgaToSale': 0.4296, 'totalDebtToTotalAsset': 0.7288, 'totalDebtToTotalCapital': 1.13, 'totalRatio': 0.9227, 'period': '2023-12-31'}","['High conviction stocks with U.S. productivity opportunities due to AI - MS - Looking for stock market analysis and research with proves results? Zacks.com offers in-depth financial research with over 30years of proven results.', '7 High-Quality Blue-Chip Stocks to Buy if You’re Looking for Stability - Looking for stock market analysis and research with proves results? Zacks.com offers in-depth financial research with over 30years of proven results.', ""Par Technology price target raised by $2 at Goldman Sachs, here's why - Looking for stock market analysis and research with proves results? Zacks.com offers in-depth financial research with over 30years of proven results."", ""McDonald's: The Reasons We Are Turning More Bullish - McDonald's has maintained its reputation for convenience, affordability, and quality. Read why we upgrade MCD stock from hold to buy."", '3 Dividend Stocks That the Best Money Managers on Wall Street Love - Looking for stock market analysis and research with proves results? Zacks.com offers in-depth financial research with over 30years of proven results.', ""ONE Group (STKS) to Report Q4 Earnings: What's in the Cards? - ONE Group's (STKS) fourth-quarter top line is likely to have gained from strength in digital engagement, momentum in event bookings and new store openings""]","[(0.087, 'Neutral - Good'), (0.13333333333333333, 'Neutral - Good'), (0.13333333333333333, 'Neutral - Good'), (0.5, 'No sentiment could be extracted from this information'), (0.38, 'Neutral - Good'), (0.1590909090909091, 'Neutral - Good')]"
MMM,"Company Introduction:3M Co is a leading entity in the Industrial Conglomerates sector. Incorporated and publicly traded since 1946-01-14, the company has established its reputation as one of the key players in the market. As of today, 3M Co has a market capitalization of 58069.43 in USD, with 552.70 shares outstanding. 3M Co operates primarily in the US, trading under the ticker MMM on the NEW YORK STOCK EXCHANGE, INC.. As a dominant force in the Industrial Conglomerates space, the company continues to innovate and drive progress within the industry.","{'assetTurnoverTTM': 0.6671, 'bookValue': 4807, 'cashRatio': 0.3878538275478852, 'currentRatio': 1.0707, 'ebitPerShare': 2.2417, 'eps': 1.7042, 'ev': 70481.305, 'fcfMargin': 0.2032, 'fcfPerShareTTM': 9.1661, 'grossMargin': 0.4204, 'inventoryTurnoverTTM': 3.6053, 'longtermDebtTotalAsset': 0.2588, 'longtermDebtTotalCapital': 0.628, 'longtermDebtTotalEquity': 2.7227, 'netDebtToTotalCapital': 0.4847, 'netDebtToTotalEquity': 2.1015, 'netMargin': 0.1179, 'operatingMargin': 0.1551, 'payoutRatioTTM': 0.8615, 'pb': 12.5607, 'pfcfTTM': 11.9209, 'pretaxMargin': 0.1248, 'psTTM': 1.8475, 'ptbv': 103.9231, 'quickRatio': 0.7238, 'receivablesTurnoverTTM': 7.0418, 'roaTTM': -0.1428, 'roeTTM': -0.8589, 'roicTTM': -0.2897, 'rotcTTM': -0.3781, 'salesPerShare': 14.4509, 'sgaToSale': 0.5796, 'tangibleBookValue': 581, 'totalDebtToEquity': 3.3358, 'totalDebtToTotalAsset': 0.317, 'totalDebtToTotalCapital': 0.7694, 'totalRatio': 1.105, 'period': '2023-12-31'}","[""3M, IBM share gains lead Dow's 238-point jump - Looking for stock market analysis and research with proves results? Zacks.com offers in-depth financial research with over 30years of proven results."", 'MMM Now #161 Largest Company, Surpassing Constellation Energy - Looking for stock market analysis and research with proves results? Zacks.com offers in-depth financial research with over 30years of proven results.', '3M CEO Michael Roman to transition to chairman, William Brown to succeed - Looking for stock market analysis and research with proves results? Zacks.com offers in-depth financial research with over 30years of proven results.', '3M Appoints William M. Brown as New CEO - Looking for stock market analysis and research with proves results? Zacks.com offers in-depth financial research with over 30years of proven results.', '3M names former L3Harris boss Brown as new CEO; Roman to remain Chairman - Looking for stock market analysis and research with proves results? Zacks.com offers in-depth financial research with over 30years of proven results.', '3M to appoint William Brown as new CEO - 3M on Tuesday said thatWilliam Brown will be appointed as chief executive officer,effective May 1, 2024. ...']","[(0.13333333333333333, 'Neutral - Good'), (0.13333333333333333, 'Neutral - Good'), (0.13333333333333333, 'Neutral - Good'), (0.1340909090909091, 'Neutral - Good'), (0.10727272727272727, 'Neutral - Good'), (0.13636363636363635, 'Neutral - Good')]"
MRK,"Company Introduction:Merck & Co Inc is a leading entity in the Pharmaceuticals sector. Incorporated and publicly traded since 1941-01-01, the company has established its reputation as one of the key players in the market. As of today, Merck & Co Inc has a market capitalization of 307057.74 in USD, with 2532.64 shares outstanding. Merck & Co Inc operates primarily in the US, trading under the ticker MRK on the NEW YORK STOCK EXCHANGE, INC.. As a dominant force in the Pharmaceuticals space, the company continues to innovate and drive progress within the industry.","{'assetTurnoverTTM': 0.5649, 'bookValue': 37581, 'cashRatio': 0.2662489297112166, 'currentRatio': 1.252, 'ebitPerShare': -0.7869, 'eps': -0.4902, 'ev': 304473.2, 'fcfPerShareTTM': 3.6115, 'grossMargin': 0.7406, 'inventoryTurnoverTTM': 2.5943, 'longtermDebtTotalAsset': 0.3158, 'longtermDebtTotalCapital': 0.4637, 'longtermDebtTotalEquity': 0.8963, 'netDebtToTotalCapital': 0.3884, 'netDebtToTotalEquity': 0.7508, 'netMargin': -0.0838, 'operatingMargin': -0.1345, 'pb': 7.351, 'peTTM': 756.8745, 'pretaxMargin': -0.1398, 'psTTM': 4.5956, 'ptbv': 14.1165, 'quickRatio': 1.0045, 'receivablesTurnoverTTM': 6.0724, 'roaTTM': 0.0034, 'roeTTM': 0.0089, 'roicTTM': 0.0048, 'rotcTTM': 0.0236, 'salesPerShare': 5.8497, 'sgaToSale': 0.2594, 'tangibleBookValue': 19570, 'totalDebtToEquity': 0.9328, 'totalDebtToTotalAsset': 0.3286, 'totalDebtToTotalCapital': 0.4826, 'totalRatio': 1.5439, 'period': '2023-12-31'}","['Societe Generale Downgrades Merck (MRK) - ', 'Here’s What Pulled Moderna Stock (NASDAQ:MRNA) Higher Yesterday - Looking for stock market analysis and research with proves results? Zacks.com offers in-depth financial research with over 30years of proven results.', 'Ideaya enters supply agreement with Merck to evaluate IDE161, Keytruda - Looking for stock market analysis and research with proves results? Zacks.com offers in-depth financial research with over 30years of proven results.', 'Kineta clears additional cohorts in Phase 1/2 VISTA-101 trial - Looking for stock market analysis and research with proves results? Zacks.com offers in-depth financial research with over 30years of proven results.', 'Ideaya gains after clinical trial pact with Merck - Looking for stock market analysis and research with proves results? Zacks.com offers in-depth financial research with over 30years of proven results.', 'GLOBAL BROKER RATINGS: Redburn cuts MTU; Kepler lifts HelloFresh - Looking for stock market analysis and research with proves results? Zacks.com offers in-depth financial research with over 30years of proven results.']","[(0.0, 'Neutral - indifferent'), (0.1625, 'Neutral - Good'), (0.13333333333333333, 'Neutral - Good'), (0.13333333333333333, 'Neutral - Good'), (0.13333333333333333, 'Neutral - Good'), (0.1, 'Neutral - Good')]"
MSFT,"Company Introduction:Microsoft Corp is a leading entity in the Technology sector. Incorporated and publicly traded since 1986-03-13, the company has established its reputation as one of the key players in the market. As of today, Microsoft Corp has a market capitalization of 3124721.32 in USD, with 7430.44 shares outstanding. Microsoft Corp operates primarily in the US, trading under the ticker MSFT on the NASDAQ NMS - GLOBAL MARKET. As a dominant force in the Technology space, the company continues to innovate and drive progress within the industry.","{'assetTurnoverTTM': 0.5329, 'bookValue': 238268, 'cashRatio': 0.14299762014940173, 'currentRatio': 1.218, 'ebitPerShare': 3.5982, 'eps': 2.9285, 'ev': 2871939.2, 'fcfMargin': 0.147, 'fcfPerShareTTM': 9.0749, 'grossMargin': 0.6836, 'inventoryTurnoverTTM': 29.9665, 'longtermDebtTotalAsset': 0.0955, 'longtermDebtTotalCapital': 0.135, 'longtermDebtTotalEquity': 0.1886, 'netDebtToTotalCapital': 0.2318, 'netDebtToTotalEquity': 0.3236, 'netMargin': 0.3526, 'operatingMargin': 0.4333, 'payoutRatioTTM': 0.2512, 'pb': 11.7298, 'peTTM': 33.8599, 'pfcfTTM': 41.4386, 'pretaxMargin': 0.4277, 'psTTM': 12.2805, 'ptbv': 13.4127, 'quickRatio': 1.2046, 'receivablesTurnoverTTM': 5.7862, 'roaTTM': 0.1933, 'roeTTM': 0.384, 'roicTTM': 0.2815, 'rotcTTM': 0.3423, 'salesPerShare': 8.3048, 'sgaToSale': 0.3164, 'tangibleBookValue': 208372, 'totalDebtToEquity': 0.3963, 'totalDebtToTotalAsset': 0.2006, 'totalDebtToTotalCapital': 0.2838, 'totalRatio': 2.0257, 'period': '2023-12-31'}","['Google, Meta among companies facing EU query on AI; AliExpress to see probe - Looking for stock market analysis and research with proves results? Zacks.com offers in-depth financial research with over 30years of proven results.', 'Microsoft and Oracle expand partnership to satisfy global demand for Oracle Database@Azure - Microsoft Corp. and Oracle are expanding our collaboration to meet growing customer demand for Oracle Database@Azure around the world. Oracle Database@Azure will expand to five more regions, which brings the total planned multicloud availability footprint to 15 regions globally.', ""Is Microsoft Teasing GPT-5 Turbo With Copilot Pro Slip-Up? 'Oops' Moment Sparks Wild Speculation - Looking for stock market analysis and research with proves results? Zacks.com offers in-depth financial research with over 30years of proven results."", 'UiPath hits first quarter of GAAP profitability as public company, analysts react - Looking for stock market analysis and research with proves results? Zacks.com offers in-depth financial research with over 30years of proven results.', 'UiPath paves way with AI automation, analysts react with high praise - Looking for stock market analysis and research with proves results? Zacks.com offers in-depth financial research with over 30years of proven results.', 'Barclays: Look at Big Tech shows ‘fundamentals remain supportive’ - Looking for stock market analysis and research with proves results? Zacks.com offers in-depth financial research with over 30years of proven results.']","[(0.13333333333333333, 'Neutral - Good'), (0.125, 'Neutral - Good'), (0.125, 'Neutral - Good'), (0.13, 'Neutral - Good'), (0.13999999999999999, 'Neutral - Good'), (0.18, 'Neutral - Good')]"
NKE,"Company Introduction:Nike Inc is a leading entity in the Textiles, Apparel & Luxury Goods sector. Incorporated and publicly traded since 1980-12-02, the company has established its reputation as one of the key players in the market. As of today, Nike Inc has a market capitalization of 151007.31 in USD, with 1515.12 shares outstanding. Nike Inc operates primarily in the US, trading under the ticker NKE on the NEW YORK STOCK EXCHANGE, INC.. As a dominant force in the Textiles, Apparel & Luxury Goods space, the company continues to innovate and drive progress within the industry.","{'assetTurnoverTTM': 1.3762, 'bookValue': 14146, 'cashRatio': 0.8799866651850206, 'currentRatio': 2.7371, 'ebitPerShare': 1.1912, 'eps': 1.03, 'ev': 168838.03, 'fcfMargin': 0.1951, 'fcfPerShareTTM': 4.1575, 'grossMargin': 0.446, 'inventoryTurnoverTTM': 3.3383, 'longtermDebtTotalAsset': 0.24, 'longtermDebtTotalCapital': 0.3869, 'longtermDebtTotalEquity': 0.6313, 'netDebtToTotalCapital': 0.0441, 'netDebtToTotalEquity': 0.0719, 'netMargin': 0.1179, 'operatingMargin': 0.1363, 'payoutRatioTTM': 0.3961, 'pb': 11.8635, 'peTTM': 31.6703, 'pfcfTTM': 25.3277, 'pretaxMargin': 0.1436, 'psTTM': 3.256, 'ptbv': 12.0935, 'quickRatio': 1.6345, 'receivablesTurnoverTTM': 10.0875, 'roaTTM': 0.1415, 'roeTTM': 0.3741, 'roicTTM': 0.2282, 'rotcTTM': 0.261, 'salesPerShare': 8.7383, 'sgaToSale': 0.554, 'tangibleBookValue': 13877, 'totalDebtToEquity': 0.6317, 'totalDebtToTotalAsset': 0.2402, 'totalDebtToTotalCapital': 0.3871, 'totalRatio': 1.6135, 'period': '2023-11-30'}","['Nike facing competitive pressures but should retain top spot in sportswear category - analyst - Looking for stock market analysis and research with proves results? Zacks.com offers in-depth financial research with over 30years of proven results.', ""What's In Store For Nike In Q3 Earnings? Analyst Sees Revenue Decline In North America & EMEA - Looking for stock market analysis and research with proves results? Zacks.com offers in-depth financial research with over 30years of proven results."", 'High conviction stocks with U.S. productivity opportunities due to AI - MS - Looking for stock market analysis and research with proves results? Zacks.com offers in-depth financial research with over 30years of proven results.', 'Analysts Are Bullish on These Consumer Cyclical Stocks: Nike (NKE), Mercedes-Benz Group (MBGAF) - Looking for stock market analysis and research with proves results? Zacks.com offers in-depth financial research with over 30years of proven results.', 'Fans, brands pointing fingers at Nike amid MLB uniform redesign, NY Times says - Looking for stock market analysis and research with proves results? Zacks.com offers in-depth financial research with over 30years of proven results.', ""Nike price target lowered by $1 at Morgan Stanley, here's why - Looking for stock market analysis and research with proves results? Zacks.com offers in-depth financial research with over 30years of proven results.""]","[(0.225, 'Neutral - Good'), (0.13333333333333333, 'Neutral - Good'), (0.087, 'Neutral - Good'), (0.13333333333333333, 'Neutral - Good'), (0.13333333333333333, 'Neutral - Good'), (0.13333333333333333, 'Neutral - Good')]"
PG,"Company Introduction:Procter & Gamble Co is a leading entity in the Consumer products sector. Incorporated and publicly traded since 1950-03-22, the company has established its reputation as one of the key players in the market. As of today, Procter & Gamble Co has a market capitalization of 380977.65 in USD, with 2353.02 shares outstanding. Procter & Gamble Co operates primarily in the US, trading under the ticker PG on the NEW YORK STOCK EXCHANGE, INC.. As a dominant force in the Consumer products space, the company continues to innovate and drive progress within the industry.","{'assetTurnoverTTM': 0.6938, 'bookValue': 48535, 'cashRatio': 0.21947148817802503, 'currentRatio': 0.6429, 'ebitPerShare': 1.7959, 'eps': 1.405, 'ev': 371200.1, 'fcfMargin': 0.1998, 'fcfPerShareTTM': 6.8006, 'grossMargin': 0.5269, 'inventoryTurnoverTTM': 5.6714, 'longtermDebtTotalAsset': 0.1913, 'longtermDebtTotalCapital': 0.2808, 'longtermDebtTotalEquity': 0.4759, 'netDebtToTotalCapital': 0.314, 'netDebtToTotalEquity': 0.532, 'netMargin': 0.1617, 'operatingMargin': 0.2068, 'payoutRatioTTM': 0.4964, 'pb': 7.1161, 'peTTM': 23.3838, 'pfcfTTM': 21.5834, 'pretaxMargin': 0.2097, 'psTTM': 4.1149, 'ptbv': 13.1658, 'quickRatio': 0.3957, 'receivablesTurnoverTTM': 13.8721, 'roaTTM': 0.1221, 'roeTTM': 0.314, 'roicTTM': 0.1796, 'rotcTTM': 0.2263, 'salesPerShare': 8.6862, 'sgaToSale': 0.4731, 'tangibleBookValue': 26233, 'totalDebtToEquity': 0.6946, 'totalDebtToTotalAsset': 0.2793, 'totalDebtToTotalCapital': 0.4099, 'totalRatio': 1.6725, 'period': '2023-12-31'}","['Truist Securities Upgrades Procter & Gamble (PG) - ', '3 Must-Have Dividend Kings for a Steady Income Stream - In investing, where uncertainty often reigns high, dividend kings are the beacons of income stability and growth. Among them, three companies hold enduring leads. These titans build reliable income streams through dividends with considerable resilience in navigating turbulent macro-environments. They offer decades of constant dividend growth and solid financial fundamentals with market dominance. The first one, with its illustrious history spanning over six decades of consecutive dividend boosts', ""Why This 1 Consumer Staples Stock Could Be a Great Addition to Your Portfolio - The Zacks Focus List offers investors a way to easily find top-rated stocks and build a winning investment portfolio. Here's why you should take advantage."", '15 Highest Quality Toothpastes of 2024 - In this article, we will be taking a look at the 15 highest quality toothpastes of 2024. If you want to skip our detailed analysis of the global toothpaste market, then head straight to the 5 Highest Quality Toothpastes of 2024. Toothpaste Industry: An Analysis According to an industry analysis report by IMARC Group, the […]', ""P&G’s Markus Strobel to Retire After 35-year\xa0Career - Strobel began his career in Home Care and made a huge impact on P&G's skin care business."", '20 Cheap Alternatives to Aveda Shampoo - In this article, we will discuss the 20 Cheap alternatives to aveda shampoo. You can skip our detailed analysis of the global shampoo market, premium shampoo segment analysis, and Proctor & Gamble and Unilever: The powerhouses of premium shampoo, go directly to the 5 Cheap alternatives to aveda shampoo. Typically, to make shampoo, a co-surfactant […]']","[(0.0, 'Neutral - indifferent'), (0.09666666666666666, 'Neutral - Good'), (0.45833333333333337, 'Neutral - Good'), (0.20000000000000004, 'Neutral - Good'), (0.4000000000000001, 'Neutral - Good'), (0.21904761904761907, 'Neutral - Good')]"
TRV,"Company Introduction:Travelers Companies Inc is a leading entity in the Insurance sector. Incorporated and publicly traded since 1980-03-17, the company has established its reputation as one of the key players in the market. As of today, Travelers Companies Inc has a market capitalization of 51248.58 in USD, with 229.13 shares outstanding. Travelers Companies Inc operates primarily in the US, trading under the ticker TRV on the NEW YORK STOCK EXCHANGE, INC.. As a dominant force in the Insurance space, the company continues to innovate and drive progress within the industry.","{'bookValue': 24921, 'cashRatio': 0.192935589195607, 'ev': 50888.812, 'fcfPerShareTTM': 33.7905, 'longtermDebtTotalAsset': 0.063, 'longtermDebtTotalCapital': 0.2407, 'longtermDebtTotalEquity': 0.3182, 'netDebtToTotalCapital': 0.224, 'netDebtToTotalEquity': 0.2962, 'payoutRatioTTM': 0.225, 'pb': 1.7458, 'peTTM': 14.5462, 'pfcfTTM': 5.6423, 'ptbv': 1.7655, 'roaTTM': 0.0246, 'roeTTM': 0.1332, 'roicTTM': 0.0987, 'rotcTTM': 0.124, 'tangibleBookValue': 24644, 'totalDebtToEquity': 0.3223, 'totalDebtToTotalAsset': 0.0637, 'totalDebtToTotalCapital': 0.2437, 'totalRatio': 1.2466, 'period': '2023-12-31'}","['The Zacks Analyst Blog Highlights American Express, The Travelers Companies, Parker- Hannifin, General Motors and Colgate-Palmolive - American Express, The Travelers Companies, Parker-Hannifin, General Motors and Colgate-Palmolive are part of the Zacks top Analyst Blog.', 'Should Value Investors Buy The Travelers Companies (TRV) Stock? - Here at Zacks, our focus is on the proven Zacks Rank system, which emphasizes earnings estimates and estimate revisions to find great stocks. Nevertheless, we are always paying attention to the latest value, growth, and momentum trends to underscore strong picks.', 'Interesting TRV Put And Call Options For May 17th - Looking for stock market analysis and research with proves results? Zacks.com offers in-depth financial research with over 30years of proven results.', 'Travelers Schedules Conference Call to Review First Quarter 2024 Results - NEW YORK, March 14, 2024--The Travelers Companies, Inc. (NYSE: TRV) will review its first quarter 2024 results at 9 a.m. ET on Wednesday, April 17, following the release of results earlier that morning.', 'Why auto insurance costs are rising at the fastest rate in 47 years - While car prices dip lower and gradually come back down to pre-pandemic levels, more Americans are still feeling the financial pinch from car ownership — because of insurance.', 'If You Invested $1000 In This Stock 20 Years Ago, You Would Have $5,700 Today - Looking for stock market analysis and research with proves results? Zacks.com offers in-depth financial research with over 30years of proven results.']","[(0.12000000000000002, 'Neutral - Good'), (0.23333333333333334, 'Neutral - Good'), (0.225, 'Neutral - Good'), (0.12727272727272726, 'Neutral - Good'), (0.08611111111111111, 'Neutral - Good'), (0.13333333333333333, 'Neutral - Good')]"
UNH,"Company Introduction:UnitedHealth Group Inc is a leading entity in the Health Care sector. Incorporated and publicly traded since 1984-10-17, the company has established its reputation as one of the key players in the market. As of today, UnitedHealth Group Inc has a market capitalization of 452844.82 in USD, with 921.93 shares outstanding. UnitedHealth Group Inc operates primarily in the US, trading under the ticker UNH on the NEW YORK STOCK EXCHANGE, INC.. As a dominant force in the Health Care space, the company continues to innovate and drive progress within the industry.","{'bookValue': 94421, 'cashRatio': 6.932147870846982, 'ev': 519854.4, 'fcfPerShareTTM': 27.7666, 'longtermDebtTotalAsset': 0.2129, 'longtermDebtTotalCapital': 0.3712, 'longtermDebtTotalEquity': 0.6171, 'netDebtToTotalCapital': 0.2097, 'netDebtToTotalEquity': 0.3485, 'payoutRatioTTM': 0.3021, 'pb': 5.1572, 'peTTM': 21.7571, 'roaTTM': 0.08, 'roeTTM': 0.2613, 'roicTTM': 0.1481, 'rotcTTM': 0.2141, 'totalDebtToEquity': 0.6623, 'totalDebtToTotalAsset': 0.2285, 'totalDebtToTotalCapital': 0.3984, 'totalRatio': 1.5266, 'period': '2023-12-31'}","['High conviction stocks with U.S. productivity opportunities due to AI - MS - Looking for stock market analysis and research with proves results? Zacks.com offers in-depth financial research with over 30years of proven results.', '7 High-Quality Blue-Chip Stocks to Buy if You’re Looking for Stability - Looking for stock market analysis and research with proves results? Zacks.com offers in-depth financial research with over 30years of proven results.', '7 Smart Stocks to Buy for Your Children’s Portfolio - Looking for stock market analysis and research with proves results? Zacks.com offers in-depth financial research with over 30years of proven results.', 'Here Are the Top 5 Stocks by Revenues – March 2024 - Looking for stock market analysis and research with proves results? Zacks.com offers in-depth financial research with over 30years of proven results.', 'White House Summons Unitedhealth CEO As Payment Paralysis Enters 3Rd Week - WaPo - March 12 - * WHITE HOUSE SUMMONS UNITEDHEALTH CEO AS PAYMENT PARALYSISENTERS3RD WEEK - WAPOSource text for Eikon: [https://tinyurl.com/3pcmr335]Further company...', 'UnitedHealth CEO summoned to White House over cyberattack: WaPo - Looking for stock market analysis and research with proves results? Zacks.com offers in-depth financial research with over 30years of proven results.']","[(0.087, 'Neutral - Good'), (0.13333333333333333, 'Neutral - Good'), (0.15357142857142855, 'Neutral - Good'), (0.225, 'Neutral - Good'), (-0.1875, 'Negative'), (0.1, 'Neutral - Good')]"
V,"Company Introduction:Visa Inc is a leading entity in the Financial Services sector. Incorporated and publicly traded since 2008-03-25, the company has established its reputation as one of the key players in the market. As of today, Visa Inc has a market capitalization of 574313.45 in USD, with 2008.97 shares outstanding. Visa Inc operates primarily in the US, trading under the ticker V on the NEW YORK STOCK EXCHANGE, INC.. As a dominant force in the Financial Services space, the company continues to innovate and drive progress within the industry.","{'assetTurnoverTTM': 0.3727, 'bookValue': 39733, 'cashRatio': 0.6004683219934611, 'currentRatio': 1.4461, 'ebitPerShare': 2.9115, 'eps': 2.3912, 'ev': 530438.66, 'fcfMargin': 0.3877, 'fcfPerShareTTM': 9.5243, 'grossMargin': 0.8077, 'longtermDebtTotalAsset': 0.2265, 'longtermDebtTotalCapital': 0.3426, 'longtermDebtTotalEquity': 0.5211, 'netDebtToTotalCapital': 0.1177, 'netDebtToTotalEquity': 0.179, 'netMargin': 0.5664, 'operatingMargin': 0.6896, 'payoutRatioTTM': 0.215, 'pb': 13.1711, 'peTTM': 29.0996, 'pfcfTTM': 27.3692, 'pretaxMargin': 0.6998, 'psTTM': 15.6915, 'ptbv': 40.2745, 'quickRatio': 1.3804, 'receivablesTurnoverTTM': 14.4408, 'roaTTM': 0.201, 'roeTTM': 0.4611, 'roicTTM': 0.3018, 'rotcTTM': 0.3669, 'salesPerShare': 4.222, 'sgaToSale': 0.1923, 'tangibleBookValue': 12994, 'totalDebtToEquity': 0.5211, 'totalDebtToTotalAsset': 0.2265, 'totalDebtToTotalCapital': 0.3426, 'totalRatio': 1.7689, 'period': '2023-12-31'}","[""Looking At Visa's Recent Unusual Options Activity - Looking for stock market analysis and research with proves results? Zacks.com offers in-depth financial research with over 30years of proven results."", 'Visa’s Growth and Diversification Strategy: A Buy Rating by Donald Fandetti - Looking for stock market analysis and research with proves results? Zacks.com offers in-depth financial research with over 30years of proven results.', '7 Smart Stocks to Buy for Your Children’s Portfolio - Looking for stock market analysis and research with proves results? Zacks.com offers in-depth financial research with over 30years of proven results.', ""Rethinking Risk: Why It's Time To Shift Focus From Dividend Safety To Dividend Growth - "", 'Visa, Taulia partner on embedded finance - Looking for stock market analysis and research with proves results? Zacks.com offers in-depth financial research with over 30years of proven results.', 'Visa teams up with Taulia to enhance B2B payments process - Looking for stock market analysis and research with proves results? Zacks.com offers in-depth financial research with over 30years of proven results.']","[(0.12, 'Neutral - Good'), (0.13333333333333333, 'Neutral - Good'), (0.15357142857142855, 'Neutral - Good'), (0.0, 'Neutral - indifferent'), (0.13333333333333333, 'Neutral - Good'), (0.13333333333333333, 'Neutral - Good')]"
VZ,"Company Introduction:Verizon Communications Inc is a leading entity in the Telecommunication sector. Incorporated and publicly traded since 1984-02-15, the company has established its reputation as one of the key players in the market. As of today, Verizon Communications Inc has a market capitalization of 168149.88 in USD, with 4204.27 shares outstanding. Verizon Communications Inc operates primarily in the US, trading under the ticker VZ on the NEW YORK STOCK EXCHANGE, INC.. As a dominant force in the Telecommunication space, the company continues to innovate and drive progress within the industry.","{'assetTurnoverTTM': 0.3519, 'bookValue': 92430, 'cashRatio': 0.03879901546323958, 'currentRatio': 0.6917, 'ebitPerShare': -0.073, 'eps': -0.6415, 'ev': 307103.62, 'fcfMargin': 0.0039, 'fcfPerShareTTM': 3.0712, 'grossMargin': 0.5681, 'inventoryTurnoverTTM': 24.6925, 'longtermDebtTotalAsset': 0.3621, 'longtermDebtTotalCapital': 0.5664, 'longtermDebtTotalEquity': 1.4898, 'netDebtToTotalCapital': 0.6113, 'netDebtToTotalEquity': 1.6078, 'netMargin': -0.077, 'operatingMargin': -0.0088, 'pb': 1.7148, 'peTTM': 13.6469, 'pfcfTTM': 12.275, 'pretaxMargin': -0.0517, 'psTTM': 1.183, 'quickRatio': 0.6219, 'receivablesTurnoverTTM': 5.3443, 'roaTTM': 0.0305, 'roeTTM': 0.1228, 'roicTTM': 0.0473, 'rotcTTM': 0.0904, 'salesPerShare': 8.3306, 'sgaToSale': 0.4319, 'totalDebtToEquity': 1.6301, 'totalDebtToTotalAsset': 0.3962, 'totalDebtToTotalCapital': 0.6198, 'totalRatio': 1.3211, 'period': '2023-12-31'}","['2 High-Yield Dow Jones Dividend Stocks to Buy Now and Hold Forever - These industry leaders boast advantages that could expand their bottom lines for decades.', '6 Blue Chip Dividend Stocks to Buy in March - Looking for stock market analysis and research with proves results? Zacks.com offers in-depth financial research with over 30years of proven results.', 'Comcast (CMCSA) Texas to Invest $1M for Digital Training - Comcast (CMCSA) Texas promises to invest more than $1 million to reduce the local digital gap in 2024 by adding more Wi-Fi connected Lift Zones.', ""7 Communication Services Stocks Whale Activity In Today's Session - Looking for stock market analysis and research with proves results? Zacks.com offers in-depth financial research with over 30years of proven results."", '15 Best Retirement Stocks to Buy According to the Media - In this article, we discuss the 15 best retirement stocks to buy according to the media. If you want to skip our detailed analysis of these stocks, go directly to 5 Best Retirement Stocks to Buy According to the Media. There is increased investor interest in the American stock market as growth metrics make headlines […]', ""Verizon Communications Inc. (VZ) Deutsche Bank's 32 Annual Media, Internet & Telecom Conference (Transcript) - ""]","[(0.0, 'Neutral - indifferent'), (0.1, 'Neutral - Good'), (0.2, 'Neutral - Good'), (0.13333333333333333, 'Neutral - Good'), (0.6799999999999999, 'Good'), (0.0, 'Neutral - indifferent')]"
WBA,"Company Introduction:Walgreens Boots Alliance Inc is a leading entity in the Retail sector. Incorporated and publicly traded since 2014-12-31, the company has established its reputation as one of the key players in the market. As of today, Walgreens Boots Alliance Inc has a market capitalization of 17859.80 in USD, with 862.38 shares outstanding. Walgreens Boots Alliance Inc operates primarily in the US, trading under the ticker WBA on the NASDAQ NMS - GLOBAL MARKET. As a dominant force in the Retail space, the company continues to innovate and drive progress within the industry.","{'assetTurnoverTTM': 1.4475, 'bookValue': 19481, 'cashRatio': 0.030019911165569, 'currentRatio': 0.6642, 'ebitPerShare': 0.1112, 'eps': -0.0788, 'ev': 26628.61, 'fcfPerShareTTM': -0.6124, 'grossMargin': 0.1844, 'inventoryTurnoverTTM': 12.309, 'longtermDebtTotalAsset': 0.0775, 'longtermDebtTotalCapital': 0.2554, 'longtermDebtTotalEquity': 0.3894, 'netDebtToTotalCapital': 0.3177, 'netDebtToTotalEquity': 0.4844, 'netMargin': -0.0019, 'operatingMargin': 0.0026, 'pb': 0.8825, 'peTTM': 30.1079, 'pretaxMargin': -0.0098, 'psTTM': 0.1207, 'ptbv': 2.7715, 'quickRatio': 0.3022, 'receivablesTurnoverTTM': 26.3106, 'roaTTM': 0.0058, 'roeTTM': 0.0279, 'roicTTM': 0.0177, 'rotcTTM': 0.0067, 'salesPerShare': 42.5342, 'sgaToSale': 0.8156, 'tangibleBookValue': 6203, 'totalDebtToEquity': 0.5247, 'totalDebtToTotalAsset': 0.1045, 'totalDebtToTotalCapital': 0.3441, 'totalRatio': 1.2487, 'period': '2023-11-30'}","['Walgreens Boots Alliance Now #368 Largest Company, Surpassing Carnival - Looking for stock market analysis and research with proves results? Zacks.com offers in-depth financial research with over 30years of proven results.', 'Walgreens settles with New York over price gauging on baby formula - Looking for stock market analysis and research with proves results? Zacks.com offers in-depth financial research with over 30years of proven results.', ""Claire's Holdings announces national launch in Walgreens Boots Alliance - Looking for stock market analysis and research with proves results? Zacks.com offers in-depth financial research with over 30years of proven results."", 'Interesting WBA Put And Call Options For June 2025 - Looking for stock market analysis and research with proves results? Zacks.com offers in-depth financial research with over 30years of proven results.', ""CLAIRE'S ANNOUNCES NATIONAL LAUNCH IN WALGREENS - Claire's Holdings LLC today announces a collaboration with integrated healthcare, pharmacy and retail leader Walgreens to bring the brand's assortment of fashion accessories and products to more than 4,400 Walgreens locations nationwide by the end of this month."", ""WBA's Proactive Approach to Safeguarding Customer Data - NORTHAMPTON, MA / ACCESSWIRE / March 12, 2024 / As a global healthcare leader and retailer, personal information is provided to Walgreens Boots Alliance through purchasing and filling prescriptions, enrolling in promotional and loyalty programs, registering ...""]","[(0.13333333333333333, 'Neutral - Good'), (0.1340909090909091, 'Neutral - Good'), (0.13333333333333333, 'Neutral - Good'), (0.225, 'Neutral - Good'), (0.5, 'No sentiment could be extracted from this information'), (0.0, 'Neutral - indifferent')]"
WMT,"Company Introduction:Walmart Inc is a leading entity in the Retail sector. Incorporated and publicly traded since 1972-08-25, the company has established its reputation as one of the key players in the market. As of today, Walmart Inc has a market capitalization of 489931.90 in USD, with 8052.79 shares outstanding. Walmart Inc operates primarily in the US, trading under the ticker WMT on the NEW YORK STOCK EXCHANGE, INC.. As a dominant force in the Retail space, the company continues to innovate and drive progress within the industry.","{'assetTurnoverTTM': 2.5624, 'bookValue': 83861, 'cashRatio': 0.10676838175620841, 'currentRatio': 0.8319, 'ebitPerShare': 0.8952, 'eps': 0.678, 'ev': 481915.62, 'fcfMargin': 0.0622, 'fcfPerShareTTM': 1.872, 'grossMargin': 0.2397, 'inventoryTurnoverTTM': 8.7943, 'longtermDebtTotalAsset': 0.1432, 'longtermDebtTotalCapital': 0.2763, 'longtermDebtTotalEquity': 0.4309, 'netDebtToTotalCapital': 0.2832, 'netDebtToTotalEquity': 0.4415, 'netMargin': 0.0317, 'operatingMargin': 0.0418, 'payoutRatioTTM': 0.3958, 'pb': 5.3051, 'peTTM': 28.6823, 'pfcfTTM': 22.5091, 'pretaxMargin': 0.0434, 'psTTM': 0.6864, 'quickRatio': 0.2019, 'receivablesTurnoverTTM': 77.4852, 'roaTTM': 0.0613, 'roeTTM': 0.1968, 'roicTTM': 0.1199, 'rotcTTM': 0.2088, 'salesPerShare': 21.3978, 'sgaToSale': 0.7603, 'totalDebtToEquity': 0.5592, 'totalDebtToTotalAsset': 0.1858, 'totalDebtToTotalCapital': 0.3586, 'totalRatio': 1.4976, 'period': '2024-01-31'}","['Three Safe Stocks that Can Weather Sticky Inflation - Looking for stock market analysis and research with proves results? Zacks.com offers in-depth financial research with over 30years of proven results.', 'January And February 2024 M&A Hits Lowest Level Since 2020, Will March Pick Up? - There were high hopes for a pickup in M&A activity heading into the new year, after 2023 hit an all-time low for the decade.', 'High conviction stocks with U.S. productivity opportunities due to AI - MS - Looking for stock market analysis and research with proves results? Zacks.com offers in-depth financial research with over 30years of proven results.', 'AMZN’s Risky Bet: Is the E-Commerce Giant’s Stock Too Pricey for Its Own Good? - Looking for stock market analysis and research with proves results? Zacks.com offers in-depth financial research with over 30years of proven results.', 'Delivery Is Retail’s New Game. How the Players Stack Up. - Competition in delivery services, seen as a key way to keep customers coming back, has intensified as two of America’s largest retailers made moves over the past week.  On March 5,  Target  introduced Target Circle 360, a paid tier in its loyalty program that will offer same-day delivery when it starts operating in early April.  Two days later,  Walmart  said orders placed in early morning could be delivered in less than an hour.', 'Here Are the Top 5 Stocks by Revenues – March 2024 - Looking for stock market analysis and research with proves results? Zacks.com offers in-depth financial research with over 30years of proven results.']","[(0.225, 'Neutral - Good'), (0.0987878787878788, 'Neutral - Good'), (0.087, 'Neutral - Good'), (0.2833333333333333, 'Neutral - Good'), (-0.05336700336700337, 'Negative'), (0.225, 'Neutral - Good')]"
